<?xml version="1.0" encoding="UTF-8"?>
<project-private xmlns="http://www.netbeans.org/ns/project-private/1">
    <editor-bookmarks xmlns="http://www.netbeans.org/ns/editor-bookmarks/2" lastBookmarkId="0"/>
    <open-files xmlns="http://www.netbeans.org/ns/projectui-open-files/2">
        <group>
            <file>file:/C:/Users/motar/OneDrive/Documents/NetBeansProjects/fine_taruc/src/fines_taruc/FineDAO.java</file>
            <file>file:/C:/Users/motar/OneDrive/Documents/NetBeansProjects/fine_taruc/src/fines_taruc/Main.java</file>
            <file>file:/C:/Users/motar/OneDrive/Documents/NetBeansProjects/fine_taruc/src/fines_taruc/DatabaseConnection.java</file>
            <file>file:/C:/Users/motar/OneDrive/Documents/NetBeansProjects/fine_taruc/src/fines_taruc/FineDialog.java</file>
            <file>file:/C:/Users/motar/OneDrive/Documents/NetBeansProjects/fine_taruc/src/fines_taruc/Fine.java</file>
        </group>
    </open-files>
</project-private>
